{"cameraMode":{"drawMode":0,"name":"Shaded","section":"Shading Mode"},"sceneLighting":false,"audioPlay":false,"sceneViewState":{"m_AlwaysRefresh":false,"showFog":true,"showSkybox":true,"showFlares":true,"showImageEffects":true,"showParticleSystems":true,"showVisualEffectGraphs":true,"m_FxEnabled":true},"in2DMode":false,"pivot":{"x":-27.817197799682618,"y":-2.427645206451416,"z":-22.971694946289064},"rotation":{"x":0.031207825988531114,"y":-0.9464285373687744,"z":0.09413530677556992,"w":0.3082037568092346},"size":27.246522903442384,"orthographic":false}