{"cameraMode":{"drawMode":0,"name":"Shaded","section":"Shading Mode"},"sceneLighting":false,"audioPlay":false,"sceneViewState":{"m_AlwaysRefresh":false,"showFog":true,"showSkybox":true,"showFlares":true,"showImageEffects":true,"showParticleSystems":true,"showVisualEffectGraphs":true,"m_FxEnabled":true},"in2DMode":false,"pivot":{"x":-1.2476985454559327,"y":4.551987648010254,"z":15.029850959777832},"rotation":{"x":0.050033263862133029,"y":-0.3884897828102112,"z":0.02107561007142067,"w":0.9200609922409058},"size":9.263992309570313,"orthographic":false}