{"cameraMode":{"drawMode":0,"name":"Shaded","section":"Shading Mode"},"sceneLighting":false,"audioPlay":false,"sceneViewState":{"m_AlwaysRefresh":false,"showFog":true,"showSkybox":true,"showFlares":true,"showImageEffects":true,"showParticleSystems":true,"showVisualEffectGraphs":true,"m_FxEnabled":true},"in2DMode":false,"pivot":{"x":14.779109954833985,"y":7.090297698974609,"z":19.806133270263673},"rotation":{"x":0.21867014467716218,"y":0.40376630425453188,"z":-0.1009811982512474,"w":0.8826259970664978},"size":1.2869962453842164,"orthographic":false}