{"cameraMode":{"drawMode":0,"name":"Shaded","section":"Shading Mode"},"sceneLighting":false,"audioPlay":false,"sceneViewState":{"m_AlwaysRefresh":false,"showFog":true,"showSkybox":true,"showFlares":true,"showImageEffects":true,"showParticleSystems":true,"showVisualEffectGraphs":true,"m_FxEnabled":true},"in2DMode":false,"pivot":{"x":5.8129048347473148,"y":52.62192916870117,"z":96.40811920166016},"rotation":{"x":0.020690303295850755,"y":-0.0015268463175743819,"z":-0.00026488586445339024,"w":-0.9997854828834534},"size":59.25082015991211,"orthographic":false}