{"cameraMode":{"drawMode":0,"name":"Shaded","section":"Shading Mode"},"sceneLighting":false,"audioPlay":false,"sceneViewState":{"m_AlwaysRefresh":false,"showFog":true,"showSkybox":true,"showFlares":true,"showImageEffects":true,"showParticleSystems":true,"showVisualEffectGraphs":true,"m_FxEnabled":true},"in2DMode":false,"pivot":{"x":15.521431922912598,"y":-0.21049712598323823,"z":-1.043364405632019},"rotation":{"x":-0.03837335854768753,"y":-0.9586940407752991,"z":0.23493385314941407,"w":-0.15693090856075288},"size":9.263992309570313,"orthographic":false}