{"cameraMode":{"drawMode":0,"name":"Shaded","section":"Shading Mode"},"sceneLighting":true,"audioPlay":false,"sceneViewState":{"m_AlwaysRefresh":false,"showFog":true,"showSkybox":true,"showFlares":true,"showImageEffects":true,"showParticleSystems":true,"showVisualEffectGraphs":true,"m_FxEnabled":true},"in2DMode":false,"pivot":{"x":20.143325805664064,"y":8.155089378356934,"z":33.46836471557617},"rotation":{"x":-0.0467190258204937,"y":0.19747322797775269,"z":0.009549708105623722,"w":0.9793758392333984},"size":12.124356269836426,"orthographic":false}