{"cameraMode":{"drawMode":0,"name":"Shaded","section":"Shading Mode"},"sceneLighting":true,"audioPlay":false,"sceneViewState":{"m_AlwaysRefresh":false,"showFog":true,"showSkybox":true,"showFlares":true,"showImageEffects":true,"showParticleSystems":true,"showVisualEffectGraphs":true,"m_FxEnabled":true},"in2DMode":false,"pivot":{"x":9.165912628173829,"y":1.9550809860229493,"z":18.337421417236329},"rotation":{"x":0.25739389657974245,"y":-0.5093297958374023,"z":0.16256959736347199,"w":0.8050649166107178},"size":4.725729465484619,"orthographic":false}