{"cameraMode":{"drawMode":0,"name":"Shaded","section":"Shading Mode"},"sceneLighting":false,"audioPlay":false,"sceneViewState":{"m_AlwaysRefresh":false,"showFog":true,"showSkybox":true,"showFlares":true,"showImageEffects":true,"showParticleSystems":true,"showVisualEffectGraphs":true,"m_FxEnabled":true},"in2DMode":false,"pivot":{"x":-14.241659164428711,"y":-13.817596435546875,"z":-12.414661407470704},"rotation":{"x":0.061935000121593478,"y":-0.9379011392593384,"z":0.23131996393203736,"w":0.25111618638038638},"size":23.832067489624025,"orthographic":false}