{"cameraMode":{"drawMode":0,"name":"Shaded","section":"Shading Mode"},"sceneLighting":false,"audioPlay":false,"sceneViewState":{"m_AlwaysRefresh":false,"showFog":false,"showSkybox":false,"showFlares":false,"showImageEffects":false,"showParticleSystems":false,"showVisualEffectGraphs":true,"m_FxEnabled":true},"in2DMode":false,"pivot":{"x":0.09821462631225586,"y":1.0569679737091065,"z":0.409847617149353},"rotation":{"x":-0.027620963752269746,"y":0.5888043642044067,"z":0.020139582455158235,"w":0.8075679540634155},"size":1.193311095237732,"orthographic":false}