{"cameraMode":{"drawMode":0,"name":"Shaded","section":"Shading Mode"},"sceneLighting":false,"audioPlay":false,"sceneViewState":{"m_AlwaysRefresh":false,"showFog":true,"showSkybox":false,"showFlares":true,"showImageEffects":true,"showParticleSystems":true,"showVisualEffectGraphs":true,"m_FxEnabled":true},"in2DMode":false,"pivot":{"x":-0.017293334007263185,"y":0.8106939792633057,"z":-1.509625792503357},"rotation":{"x":-0.04932498559355736,"y":0.9453809261322022,"z":-0.1740419864654541,"w":-0.27289295196533205},"size":1.7005518674850464,"orthographic":false}